MA49361,1
MA48205,1
MA50268,1
MA50031,1
MA49117,1
MA49568,1
MA49784,1
MA49330,1
MA49224,1
MA49822,1
MA49598,1
MA49202,1
MA49581,1
MA48799,1
MA50161,1
MA49184,1
MA48285,1
MA48838,1
MA48657,1
MA49883,1
MA48681,1
MA48881,1
MA48998,1
MA48981,1
MA48588,1
MA49695,1
MA48642,1
MA49135,1
MA49033,1
MA49422,1
MA48832,1
MA44247,1
MA49597,1
MA49250,1
MA48857,1
MA49670,1
MA49260,1
MA50806,1
MA48964,1
MA49123,1
MA49085,1
MA49402,1
MA49396,1
MA49433,1
MA48605,1
MA48674,1
MA49388,1
MA48871,1
MA48989,1
MA48561,1
MA48520,1
MA48805,1